sensor_id,timestamp,displacement_mm,pore_pressure_kpa,strain_micro,vibration_ms2,rainfall_mm,latitude,longitude
S001,2025-08-25 07:29:47,19.03,129.93,78.3,0.483,42.0,40.710707,-74.006557
S001,2025-08-26 02:29:47,9.73,138.44,102.84,0.983,37.3,40.716111,-74.009076
S001,2025-08-27 14:29:47,18.05,140.27,113.12,0.031,19.3,40.712809,-74.00222
S001,2025-08-28 04:29:47,19.47,205.31,81.73,2.836,42.4,40.7064,-74.003781
S001,2025-08-29 03:29:47,6.71,138.95,103.93,4.935,15.0,40.705056,-74.007716
S001,2025-08-30 14:29:47,9.61,169.02,49.37,3.171,44.0,40.713732,-74.008222
S001,2025-08-31 03:29:47,11.23,160.63,52.99,0.791,12.7,40.710094,-74.002116
S001,2025-09-01 02:29:47,14.81,179.65,105.81,0.825,49.7,40.713681,-74.009864
S001,2025-09-02 04:29:47,5.62,163.49,144.47,0.703,4.5,40.705043,-74.008552
S001,2025-09-03 06:29:47,9.57,112.63,104.33,1.688,11.1,40.714727,-74.004845
S001,2025-09-04 09:29:47,10.35,146.17,108.54,1.609,12.5,40.714482,-74.005747
S001,2025-09-05 20:29:47,14.2,109.69,121.25,0.523,42.7,40.714772,-73.99208
S001,2025-09-06 10:29:47,14.51,123.97,103.65,0.917,46.3,40.708352,-74.010079
S001,2025-09-07 15:29:47,16.63,91.96,103.77,0.387,56.1,40.712721,-74.006024
S001,2025-09-09 01:29:47,10.94,165.66,107.42,4.362,27.3,40.715888,-73.999915
S001,2025-09-09 08:29:47,14.87,161.89,84.36,8.054,53.3,40.710188,-74.014553
S001,2025-09-10 23:29:47,14.32,169.47,69.43,0.383,53.8,40.708203,-73.99825
S001,2025-09-11 03:29:47,13.58,191.77,77.98,3.607,48.6,40.713184,-74.010953
S001,2025-09-13 00:29:47,12.86,160.14,149.36,1.188,16.2,40.723594,-73.999841
S001,2025-09-13 02:29:47,14.52,147.77,52.03,0.67,37.3,40.712667,-74.005488
S001,2025-09-14 19:29:47,9.73,153.81,68.76,1.327,21.0,40.707319,-74.001426
S001,2025-09-15 22:29:47,12.54,134.95,122.89,3.256,31.3,40.714444,-73.999141
S001,2025-09-16 23:29:47,13.85,71.41,120.55,0.051,43.2,40.705706,-74.000788
S001,2025-09-17 19:29:47,11.63,187.0,60.65,1.648,53.5,40.71599,-74.004366
S001,2025-09-18 02:29:47,10.14,167.46,122.19,2.611,10.7,40.708604,-74.007546
S001,2025-09-19 20:29:47,6.38,159.73,118.65,1.471,10.9,40.703617,-74.004683
S001,2025-09-20 05:29:47,14.23,138.95,109.39,0.992,26.7,40.715631,-74.009522
S001,2025-09-21 16:29:47,12.75,160.67,110.43,1.197,27.4,40.716962,-74.016134
S001,2025-09-22 02:29:47,11.24,157.26,52.17,1.131,20.6,40.716882,-74.013619
S001,2025-09-23 19:29:47,14.88,146.28,49.73,0.308,33.1,40.710336,-74.008413
S002,2025-08-25 13:29:47,9.43,143.81,43.05,3.805,27.4,40.71367,-74.001461
S002,2025-08-26 04:29:47,9.82,144.29,78.11,2.076,28.1,40.705886,-74.015569
S002,2025-08-27 14:29:47,2.59,84.7,90.22,2.093,9.5,40.725667,-74.00912
S002,2025-08-28 15:29:47,6.7,76.3,79.74,0.947,21.2,40.708277,-74.009233
S002,2025-08-29 04:29:47,4.92,203.42,106.31,0.129,31.5,40.717134,-74.003645
S002,2025-08-30 11:29:47,5.81,143.37,115.35,0.408,23.2,40.716588,-74.008736
S002,2025-08-31 20:29:47,5.65,133.39,70.05,1.4,18.4,40.71229,-74.005789
S002,2025-09-01 23:29:47,8.77,160.59,115.4,0.846,36.1,40.710156,-74.007179
S002,2025-09-02 07:29:47,8.37,97.08,137.5,2.392,0.0,40.715601,-74.010561
S002,2025-09-03 16:29:47,7.88,100.06,99.85,0.797,31.9,40.714816,-74.012522
S002,2025-09-04 06:29:47,6.69,142.1,113.37,1.483,0.0,40.717643,-74.002771
S002,2025-09-05 03:29:47,9.38,170.58,126.46,0.996,40.5,40.704006,-74.00157
S002,2025-09-07 00:29:47,7.32,178.11,85.77,6.882,39.1,40.709984,-73.993304
S002,2025-09-07 07:29:47,3.01,166.06,126.51,0.887,0.0,40.720507,-74.004338
S002,2025-09-09 00:29:47,9.98,159.59,104.83,1.76,25.1,40.717421,-74.001936
S002,2025-09-09 21:29:47,8.29,135.92,57.17,7.007,47.5,40.719569,-74.004622
S002,2025-09-11 01:29:47,11.85,130.61,89.91,0.159,45.9,40.712186,-74.002756
S002,2025-09-11 02:29:47,5.11,109.35,125.82,0.162,31.8,40.703749,-74.004291
S002,2025-09-12 05:29:47,10.9,161.01,105.24,6.374,6.5,40.712084,-74.009003
S002,2025-09-13 10:29:47,7.56,126.81,100.61,1.985,20.2,40.71529,-74.00816
S002,2025-09-14 09:29:47,6.42,190.76,92.84,7.624,20.9,40.703316,-74.003005
S002,2025-09-15 07:29:47,5.44,141.34,108.07,2.741,5.0,40.708664,-74.003537
S002,2025-09-16 18:29:47,3.75,128.45,94.66,3.002,0.0,40.702615,-73.99815
S002,2025-09-17 14:29:47,9.58,151.81,64.01,1.011,27.4,40.710883,-74.013908
S002,2025-09-18 05:29:47,6.44,87.3,144.26,4.373,9.5,40.708673,-74.007607
S002,2025-09-19 12:29:47,8.78,149.57,105.05,1.614,50.4,40.708776,-74.007713
S002,2025-09-20 09:29:47,10.29,103.65,78.93,0.211,15.1,40.710744,-74.00108
S002,2025-09-21 22:29:47,9.22,143.93,94.56,2.78,11.1,40.718294,-74.00804
S002,2025-09-22 22:29:47,8.21,83.5,134.74,1.681,26.7,40.720854,-74.00336
S002,2025-09-23 08:29:47,7.22,136.06,84.44,2.386,23.1,40.711023,-74.001502
S003,2025-08-25 09:29:47,10.18,184.48,82.42,0.225,58.4,40.713699,-74.007674
S003,2025-08-26 09:29:47,10.62,166.65,56.13,1.552,42.5,40.712181,-74.004582
S003,2025-08-27 12:29:47,8.96,106.97,114.53,0.986,14.8,40.708184,-74.012758
S003,2025-08-28 03:29:47,2.93,175.33,97.53,1.703,6.4,40.72429,-74.007616
S003,2025-08-29 04:29:47,4.23,101.11,113.8,1.616,0.7,40.717946,-74.003637
S003,2025-08-30 02:29:47,7.4,109.72,142.54,2.4,25.0,40.713238,-74.012792
S003,2025-08-31 14:29:47,3.8,131.18,131.29,3.948,12.9,40.711025,-74.004713
S003,2025-09-01 10:29:47,6.7,144.45,86.93,0.601,1.2,40.718045,-73.999421
S003,2025-09-02 15:29:47,6.42,131.9,93.57,2.006,15.9,40.716244,-74.003666
S003,2025-09-03 18:29:47,7.5,118.4,91.23,0.557,18.0,40.711654,-74.002445
S003,2025-09-04 07:29:47,8.93,178.07,131.79,0.055,3.3,40.709278,-74.009642
S003,2025-09-06 00:29:47,9.72,149.46,92.53,0.157,61.9,40.709221,-74.010143
S003,2025-09-06 02:29:47,6.93,227.1,72.32,0.136,18.3,40.711525,-73.99848
S003,2025-09-07 15:29:47,4.94,145.06,100.02,1.81,27.8,40.713591,-74.00593
S003,2025-09-08 09:29:47,0.85,144.27,107.82,1.724,13.3,40.717994,-74.009491
S003,2025-09-09 05:29:47,9.37,131.09,77.12,1.071,9.6,40.714031,-74.013779
S003,2025-09-10 17:29:47,6.6,120.31,96.86,8.378,43.9,40.725493,-74.00338
S003,2025-09-11 18:29:47,12.19,171.77,112.03,2.457,21.9,40.713919,-74.004749
S003,2025-09-12 15:29:47,4.67,137.79,63.69,0.679,18.3,40.71661,-74.004937
S003,2025-09-13 18:29:47,6.28,179.21,134.65,1.565,11.7,40.717843,-74.009869
S003,2025-09-14 22:29:47,7.95,139.57,120.73,3.444,42.6,40.711451,-74.010894
S003,2025-09-15 06:29:47,10.86,152.46,87.82,0.747,38.7,40.714819,-74.001848
S003,2025-09-17 00:29:47,5.21,123.46,107.17,5.621,33.4,40.705407,-74.000281
S003,2025-09-17 18:29:47,10.2,174.17,41.84,1.723,14.0,40.720354,-74.012053
S003,2025-09-18 23:29:47,8.56,158.69,151.89,0.889,25.9,40.711449,-74.001262
S003,2025-09-19 09:29:47,9.55,145.66,116.7,2.557,29.7,40.711854,-74.00334
S003,2025-09-20 06:29:47,5.1,165.89,136.04,1.276,32.5,40.703949,-74.011163
S003,2025-09-21 15:29:47,5.59,187.25,151.68,1.592,27.2,40.703075,-74.002867
S003,2025-09-22 14:29:47,7.36,156.48,142.72,2.457,6.4,40.711733,-74.005307
S003,2025-09-23 15:29:47,7.16,134.02,113.21,1.627,24.1,40.713838,-74.014347
S004,2025-08-25 22:29:47,15.64,179.89,87.66,1.127,22.9,40.716045,-74.01296
S004,2025-08-26 11:29:47,17.66,182.19,126.18,0.018,50.4,40.711324,-73.997416
S004,2025-08-27 18:29:47,11.42,71.7,109.46,0.143,62.1,40.708331,-74.006698
S004,2025-08-28 22:29:47,16.07,184.01,68.07,1.254,27.4,40.705056,-74.008448
S004,2025-08-29 19:29:47,14.65,94.07,77.46,0.927,50.7,40.713922,-74.000765
S004,2025-08-30 03:29:47,11.84,242.82,95.61,0.498,26.3,40.709002,-74.012723
S004,2025-08-31 10:29:47,17.91,202.08,104.95,0.17,46.3,40.707642,-74.008646
S004,2025-09-01 03:29:47,17.37,175.83,131.63,1.895,24.3,40.715597,-73.995421
S004,2025-09-02 17:29:47,9.59,155.86,73.43,2.339,22.3,40.709944,-74.003137
S004,2025-09-04 01:29:47,14.92,147.31,129.59,5.669,35.3,40.709496,-74.005687
S004,2025-09-04 05:29:47,9.73,136.43,39.4,1.833,33.2,40.717918,-74.011468
S004,2025-09-05 11:29:47,13.25,195.03,109.14,0.511,18.2,40.704901,-74.003777
S004,2025-09-06 20:29:47,10.9,178.52,91.43,1.282,18.2,40.714514,-74.003716
S004,2025-09-07 11:29:47,13.69,169.0,69.32,0.641,49.1,40.721101,-74.006228
S004,2025-09-08 19:29:47,11.97,152.67,129.15,3.496,40.9,40.71697,-74.008474
S004,2025-09-09 21:29:47,10.42,129.0,129.88,0.094,33.6,40.705184,-74.004164
S004,2025-09-10 09:29:47,10.0,148.61,91.75,3.667,22.4,40.706873,-74.007994
S004,2025-09-11 21:29:47,10.31,162.01,94.36,0.677,19.6,40.712817,-74.005045
S004,2025-09-12 20:29:47,13.37,136.06,76.24,0.545,44.2,40.708159,-74.003028
S004,2025-09-13 08:29:47,13.66,134.07,87.76,2.267,46.0,40.718021,-74.014197
S004,2025-09-14 17:29:47,11.18,121.03,78.66,0.01,30.1,40.711623,-74.005489
S004,2025-09-15 23:29:47,14.76,128.89,158.93,1.735,42.2,40.717489,-74.009064
S004,2025-09-16 13:29:47,15.54,152.9,62.5,1.819,29.7,40.704305,-74.005113
S004,2025-09-17 05:29:47,11.84,143.58,98.76,1.901,38.4,40.716174,-74.000164
S004,2025-09-18 19:29:47,17.66,173.59,88.69,2.514,55.4,40.704843,-74.002817
S004,2025-09-20 00:29:47,13.35,75.46,123.0,8.281,28.2,40.714369,-74.008228
S004,2025-09-20 03:29:47,14.64,186.9,120.9,1.469,58.6,40.717851,-74.006981
S004,2025-09-21 08:29:47,10.11,188.92,122.56,1.312,31.3,40.70274,-74.005602
S004,2025-09-22 18:29:47,13.83,158.15,68.08,4.942,30.0,40.715033,-74.007066
S004,2025-09-23 15:29:47,13.36,208.38,117.29,2.846,65.6,40.719231,-74.001812
S005,2025-08-25 04:29:47,6.56,126.01,108.79,1.301,12.3,40.704894,-74.005819
S005,2025-08-26 23:29:47,6.75,149.73,127.15,0.284,6.5,40.715173,-73.993676
S005,2025-08-27 23:29:47,9.36,128.91,110.85,0.476,25.6,40.710069,-74.001095
S005,2025-08-29 01:29:47,5.46,116.06,120.91,1.374,0.0,40.712956,-74.005591
S005,2025-08-29 10:29:47,5.89,129.54,70.64,0.959,1.4,40.706698,-74.009593
S005,2025-08-30 03:29:47,5.55,154.25,157.98,0.187,15.3,40.714767,-74.008637
S005,2025-08-31 13:29:47,9.81,140.19,70.26,1.099,39.7,40.701122,-74.008496
S005,2025-09-01 14:29:47,3.5,208.4,93.49,0.124,1.5,40.721434,-74.003208
S005,2025-09-02 09:29:47,8.31,155.89,84.95,0.633,27.4,40.721248,-74.001647
S005,2025-09-03 22:29:47,10.2,143.89,85.46,0.514,44.4,40.707726,-74.008933
S005,2025-09-05 00:29:47,3.08,131.47,147.41,1.18,30.0,40.718013,-74.008599
S005,2025-09-06 01:29:47,6.48,145.59,124.1,0.528,18.1,40.723853,-73.998703
S005,2025-09-06 16:29:47,11.06,142.66,71.81,0.332,28.8,40.715314,-74.007803
S005,2025-09-07 02:29:47,8.57,172.54,118.68,0.643,15.5,40.709296,-74.007475
S005,2025-09-09 01:29:47,5.29,157.42,156.26,1.801,27.2,40.715696,-74.000197
S005,2025-09-09 14:29:47,4.61,159.59,60.18,6.59,0.0,40.715002,-73.999013
S005,2025-09-10 11:29:47,9.69,157.63,88.01,1.021,56.8,40.707507,-74.005684
S005,2025-09-11 14:29:47,9.04,148.12,81.15,1.331,24.2,40.711397,-74.010353
S005,2025-09-12 14:29:47,5.91,145.5,59.14,1.003,21.3,40.720922,-74.004374
S005,2025-09-13 15:29:47,11.11,217.57,124.54,1.464,35.1,40.711176,-74.008271
S005,2025-09-14 19:29:47,3.15,216.37,127.8,1.578,0.0,40.711285,-74.006174
S005,2025-09-15 12:29:47,8.72,138.26,63.27,2.094,31.5,40.708304,-74.000454
S005,2025-09-17 01:29:47,10.12,160.22,135.88,2.682,35.1,40.711579,-74.00118
S005,2025-09-17 18:29:47,8.95,179.71,53.73,0.347,22.1,40.717517,-74.014067
S005,2025-09-18 03:29:47,5.15,222.1,98.56,4.064,22.3,40.710555,-74.005663
S005,2025-09-19 16:29:47,6.89,125.7,88.54,6.613,27.6,40.709831,-74.001974
S005,2025-09-20 02:29:47,8.63,123.87,110.08,0.061,0.0,40.718341,-74.0112
S005,2025-09-22 01:29:47,5.0,163.45,85.28,0.321,4.5,40.712846,-74.001418
S005,2025-09-22 11:29:47,10.51,140.19,86.23,0.118,15.5,40.716438,-74.00574
S005,2025-09-24 01:29:47,4.96,101.83,112.6,3.045,0.4,40.702031,-74.008339
S006,2025-08-25 23:29:47,5.85,148.0,106.13,1.12,33.3,40.710399,-74.00243
S006,2025-08-26 22:29:47,5.5,159.05,119.15,6.275,27.0,40.718935,-74.010882
S006,2025-08-27 21:29:47,1.6,154.69,108.3,1.995,0.0,40.7133,-74.00527
S006,2025-08-28 08:29:47,8.43,200.22,110.72,3.052,7.2,40.713787,-74.008917
S006,2025-08-29 11:29:47,9.58,185.96,51.57,1.772,37.2,40.710356,-74.011598
S006,2025-08-30 09:29:47,5.59,109.04,104.75,1.094,18.0,40.715684,-73.999895
S006,2025-08-31 12:29:47,9.49,166.6,87.66,1.469,26.8,40.708277,-74.007515
S006,2025-09-01 21:29:47,15.15,186.25,125.6,0.629,50.1,40.715763,-74.006035
S006,2025-09-02 18:29:47,2.48,106.66,58.47,4.147,14.1,40.721761,-74.005594
S006,2025-09-03 10:29:47,4.04,87.18,114.73,1.798,7.7,40.714494,-74.013092
S006,2025-09-04 13:29:47,9.86,156.93,105.91,3.576,44.6,40.716669,-74.000389
S006,2025-09-05 22:29:47,4.73,167.66,141.75,1.914,7.2,40.714773,-74.008573
S006,2025-09-06 11:29:47,8.51,156.19,69.87,3.34,17.3,40.715496,-74.004292
S006,2025-09-07 03:29:47,11.37,182.26,52.52,1.665,30.9,40.713192,-74.002233
S006,2025-09-08 04:29:47,8.3,159.67,82.94,0.193,45.9,40.712733,-74.003318
S006,2025-09-09 09:29:47,4.36,168.17,67.66,0.111,0.0,40.713971,-74.000376
S006,2025-09-10 06:29:47,6.69,159.22,120.39,0.673,16.7,40.714321,-74.004671
S006,2025-09-11 10:29:47,9.32,124.82,73.88,1.158,36.1,40.702968,-74.003103
S006,2025-09-12 12:29:47,6.54,126.57,90.74,1.286,34.4,40.712616,-74.011076
S006,2025-09-13 07:29:47,11.45,127.3,64.45,0.461,30.8,40.720307,-74.004594
S006,2025-09-14 18:29:47,7.16,109.59,75.71,0.861,14.5,40.716201,-74.000211
S006,2025-09-16 00:29:47,3.47,142.29,125.27,0.223,0.0,40.712147,-74.006151
S006,2025-09-16 09:29:47,7.36,102.03,89.83,3.676,37.1,40.723587,-74.009029
S006,2025-09-17 06:29:47,5.67,112.85,111.07,3.926,13.1,40.71883,-74.003527
S006,2025-09-18 02:29:47,3.59,149.54,114.48,0.232,0.0,40.702999,-73.995697
S006,2025-09-19 23:29:47,3.2,172.77,85.59,0.039,0.0,40.699845,-74.001684
S006,2025-09-20 06:29:47,5.22,164.12,118.25,3.141,27.4,40.721373,-74.011297
S006,2025-09-21 17:29:47,3.38,133.19,123.43,2.006,16.1,40.720407,-74.009665
S006,2025-09-23 00:29:47,7.17,129.34,98.43,10.544,5.5,40.713543,-74.007685
S006,2025-09-23 13:29:47,6.29,130.6,27.79,0.223,20.8,40.714266,-74.012048
S007,2025-08-25 15:29:47,8.47,194.42,82.27,4.279,19.0,40.70689,-74.001823
S007,2025-08-26 04:29:47,7.9,127.44,92.02,1.416,30.1,40.70882,-74.006093
S007,2025-08-27 20:29:47,6.33,140.7,55.14,1.154,24.5,40.710338,-74.012715
S007,2025-08-28 18:29:47,3.21,72.21,85.93,1.186,0.0,40.724191,-73.993578
S007,2025-08-30 00:29:47,4.59,177.21,94.61,0.006,16.9,40.713331,-74.008348
S007,2025-08-30 05:29:47,11.05,173.49,75.86,0.971,46.2,40.712951,-73.995145
S007,2025-09-01 01:29:47,11.31,116.39,97.25,0.834,22.7,40.711055,-74.007775
S007,2025-09-01 12:29:47,11.36,144.94,101.75,0.132,45.7,40.718609,-74.004262
S007,2025-09-02 22:29:47,5.75,149.42,92.42,0.717,16.6,40.704768,-74.002104
S007,2025-09-03 06:29:47,9.35,178.27,154.99,1.195,22.3,40.71546,-74.007902
S007,2025-09-04 09:29:47,9.91,136.94,118.76,4.833,16.7,40.716494,-74.002923
S007,2025-09-06 01:29:47,3.22,132.62,76.2,1.065,2.9,40.711282,-74.006489
S007,2025-09-06 05:29:47,5.53,160.52,112.23,3.107,27.7,40.70674,-74.001829
S007,2025-09-07 23:29:47,5.82,119.8,94.39,4.026,9.9,40.709829,-74.008976
S007,2025-09-08 08:29:47,10.25,104.45,131.1,3.683,31.5,40.714819,-74.006121
S007,2025-09-09 23:29:47,8.25,140.94,106.09,1.09,35.6,40.710505,-74.004754
S007,2025-09-10 20:29:47,6.16,189.51,97.05,1.23,4.9,40.712344,-74.0172
S007,2025-09-11 03:29:47,6.12,166.76,107.33,0.821,8.4,40.712425,-74.003581
S007,2025-09-13 01:29:47,9.64,184.46,135.81,0.363,24.0,40.711864,-74.001071
S007,2025-09-14 01:29:47,7.11,167.03,125.09,6.869,15.2,40.70966,-74.010297
S007,2025-09-14 06:29:47,5.6,103.03,132.44,4.55,1.6,40.712937,-74.012416
S007,2025-09-15 18:29:47,9.71,182.4,88.82,4.932,10.0,40.719205,-74.012096
S007,2025-09-16 20:29:47,10.05,125.6,94.87,1.163,7.9,40.710164,-74.008562
S007,2025-09-17 06:29:47,7.36,149.04,98.47,4.799,27.7,40.709121,-74.006902
S007,2025-09-18 16:29:47,5.08,153.85,126.65,2.841,0.0,40.714588,-74.010187
S007,2025-09-19 16:29:47,6.87,119.71,115.48,0.129,33.6,40.723087,-73.999014
S007,2025-09-21 00:29:47,11.56,157.18,135.73,1.898,35.2,40.715557,-74.008176
S007,2025-09-21 09:29:47,6.26,184.94,81.64,3.802,19.5,40.708749,-74.000912
S007,2025-09-22 19:29:47,9.39,166.27,131.36,1.364,37.4,40.708611,-74.002946
S007,2025-09-23 17:29:47,6.03,116.07,55.93,4.602,19.8,40.707667,-74.005665
S008,2025-08-25 05:29:47,10.51,152.66,104.93,0.708,34.5,40.713817,-74.007423
S008,2025-08-26 22:29:47,1.64,163.81,118.45,3.719,2.2,40.713354,-74.010212
S008,2025-08-27 18:29:47,8.64,141.81,80.56,0.63,7.1,40.710419,-74.001628
S008,2025-08-28 03:29:47,8.67,103.85,117.67,1.8,32.2,40.717451,-74.005051
S008,2025-08-29 12:29:47,11.82,181.81,168.99,0.308,27.1,40.709106,-74.00155
S008,2025-08-30 04:29:47,6.79,182.7,105.48,2.027,7.3,40.719246,-74.018617
S008,2025-08-31 04:29:47,6.0,169.06,69.02,7.725,16.0,40.704535,-73.999984
S008,2025-09-02 00:29:47,8.12,127.12,80.77,3.254,34.1,40.7081,-74.006775
S008,2025-09-02 23:29:47,10.66,201.75,116.8,0.012,51.6,40.70922,-74.004319
S008,2025-09-03 17:29:47,8.08,156.35,79.49,1.047,26.7,40.71268,-74.009376
S008,2025-09-04 23:29:47,7.34,165.45,117.89,0.308,12.0,40.716802,-74.002229
S008,2025-09-05 15:29:47,10.2,189.25,86.79,2.641,36.2,40.717871,-73.998765
S008,2025-09-06 18:29:47,7.83,167.81,26.49,1.97,17.1,40.722585,-74.007207
S008,2025-09-07 08:29:47,6.33,98.63,137.94,3.286,24.6,40.721277,-74.005185
S008,2025-09-08 03:29:47,7.44,169.19,81.87,0.977,0.0,40.702122,-73.990311
S008,2025-09-09 14:29:47,5.39,209.04,100.47,0.197,21.1,40.716069,-74.00626
S008,2025-09-10 19:29:47,9.08,229.33,62.43,0.517,13.0,40.714129,-73.997154
S008,2025-09-11 23:29:47,7.74,130.38,77.45,0.789,14.6,40.718103,-74.006949
S008,2025-09-12 09:29:47,11.83,169.05,87.28,1.574,50.5,40.714266,-74.011915
S008,2025-09-13 13:29:47,6.29,153.7,116.41,0.881,26.0,40.710346,-74.003286
S008,2025-09-14 21:29:47,6.99,157.19,122.6,3.506,18.6,40.712263,-74.003761
S008,2025-09-15 13:29:47,5.92,106.47,79.05,1.338,26.3,40.710582,-74.005769
S008,2025-09-16 09:29:47,12.72,112.97,85.19,8.852,34.5,40.722257,-74.00831
S008,2025-09-17 19:29:47,4.13,153.88,105.69,0.953,20.7,40.70222,-74.003818
S008,2025-09-18 23:29:47,1.65,94.93,129.28,1.838,0.0,40.717963,-74.000366
S008,2025-09-19 03:29:47,7.85,144.96,127.95,1.785,15.0,40.713457,-74.008809
S008,2025-09-20 14:29:47,6.76,133.54,102.32,0.263,18.1,40.703003,-74.002337
S008,2025-09-21 15:29:47,10.63,140.48,133.29,1.51,58.2,40.716609,-74.003206
S008,2025-09-22 11:29:47,9.33,165.36,95.79,2.209,42.8,40.707348,-73.998945
S008,2025-09-23 10:29:47,8.45,166.06,120.47,3.222,5.3,40.706775,-74.009351
S009,2025-08-25 11:29:47,15.28,149.18,93.32,7.554,40.6,40.713365,-74.010697
S009,2025-08-26 21:29:47,9.09,187.07,96.1,5.781,47.4,40.710059,-73.999064
S009,2025-08-27 23:29:47,7.17,148.36,94.0,0.425,7.9,40.716182,-74.006687
S009,2025-08-28 10:29:47,13.01,119.64,109.41,3.186,45.2,40.716849,-74.002582
S009,2025-08-29 22:29:47,16.53,80.01,133.74,0.739,40.0,40.707615,-74.006241
S009,2025-08-30 13:29:47,11.13,175.47,92.65,3.653,43.5,40.712442,-74.006301
S009,2025-08-31 19:29:47,12.57,121.74,111.35,0.253,21.4,40.716487,-74.000294
S009,2025-09-01 11:29:47,13.27,154.71,127.05,1.239,30.5,40.717778,-74.00485
S009,2025-09-02 09:29:47,5.27,173.26,65.12,1.315,1.9,40.715177,-74.006732
S009,2025-09-03 22:29:47,10.95,120.57,88.39,0.927,42.9,40.71511,-73.998701
S009,2025-09-04 04:29:47,16.91,149.16,94.5,4.287,47.6,40.718335,-74.010536
S009,2025-09-06 00:29:47,15.2,148.54,109.21,0.995,45.2,40.711902,-73.997654
S009,2025-09-06 13:29:47,14.23,71.87,104.97,3.331,9.1,40.710407,-74.001211
S009,2025-09-07 15:29:47,10.65,116.68,135.51,3.465,54.2,40.710126,-74.005437
S009,2025-09-09 01:29:47,10.5,156.42,95.26,0.664,19.5,40.713329,-74.003078
S009,2025-09-09 13:29:47,14.01,157.26,57.38,1.946,35.6,40.710687,-74.015202
S009,2025-09-10 21:29:47,14.6,135.9,106.65,1.12,9.0,40.712701,-74.008433
S009,2025-09-12 00:29:47,13.12,181.44,93.98,3.041,50.1,40.705072,-74.00447
S009,2025-09-12 14:29:47,15.71,155.69,83.45,7.945,3.2,40.715544,-74.008906
S009,2025-09-13 04:29:47,12.12,155.46,123.84,2.244,59.0,40.712576,-74.017878
S009,2025-09-14 08:29:47,12.51,150.11,59.34,2.276,16.6,40.71185,-74.007787
S009,2025-09-15 15:29:47,14.77,162.49,107.53,0.125,34.9,40.721525,-74.000427
S009,2025-09-16 18:29:47,13.29,138.74,92.06,1.948,27.2,40.714766,-73.998935
S009,2025-09-17 15:29:47,12.21,154.5,84.5,0.123,48.9,40.724837,-74.001755
S009,2025-09-19 01:29:47,11.92,206.47,119.66,1.59,26.9,40.714579,-74.002157
S009,2025-09-19 20:29:47,11.51,154.07,61.88,0.401,49.7,40.706032,-74.015439
S009,2025-09-20 20:29:47,7.12,222.38,119.62,0.02,25.6,40.71549,-74.006208
S009,2025-09-21 08:29:47,12.25,165.52,105.75,0.21,29.9,40.720199,-74.011412
S009,2025-09-22 17:29:47,11.76,179.13,140.06,0.7,26.3,40.714682,-74.01051
S009,2025-09-23 14:29:47,9.25,124.98,92.84,1.606,31.0,40.714437,-73.997892
S010,2025-08-25 14:29:47,4.73,154.53,97.05,2.772,9.2,40.713786,-74.004443
S010,2025-08-27 00:29:47,11.2,162.44,118.78,1.46,42.7,40.71592,-74.003951
S010,2025-08-27 06:29:47,9.32,144.5,116.28,3.56,18.0,40.710852,-74.00074
S010,2025-08-29 00:29:47,7.53,132.86,103.78,1.875,20.1,40.711384,-74.010425
S010,2025-08-29 18:29:47,6.18,164.88,101.11,0.138,15.9,40.709766,-74.004944
S010,2025-08-30 17:29:47,13.41,186.46,91.85,1.054,66.8,40.712748,-74.010485
S010,2025-08-31 04:29:47,10.86,161.16,109.73,3.707,24.2,40.702371,-74.006934
S010,2025-09-01 23:29:47,4.78,148.49,165.52,1.98,0.0,40.70724,-74.011482
S010,2025-09-02 09:29:47,8.3,160.64,98.88,1.436,31.4,40.714259,-74.008125
S010,2025-09-03 23:29:47,10.76,111.08,125.38,1.996,35.8,40.711594,-74.011069
S010,2025-09-04 07:29:47,6.69,157.76,100.96,1.071,38.0,40.715482,-74.004167
S010,2025-09-05 09:29:47,10.39,205.02,93.63,0.745,11.3,40.711112,-74.008542
S010,2025-09-06 03:29:47,10.41,152.95,128.02,3.116,43.9,40.714671,-74.015193
S010,2025-09-07 14:29:47,10.81,116.07,111.84,0.395,29.1,40.708168,-74.011185
S010,2025-09-08 19:29:47,7.7,135.76,125.83,1.475,8.9,40.714222,-74.004911
S010,2025-09-09 05:29:47,6.8,153.77,115.39,3.087,22.3,40.709974,-74.012931
S010,2025-09-10 11:29:47,8.2,119.77,72.07,0.575,9.6,40.727545,-73.999777
S010,2025-09-11 04:29:47,7.42,145.39,137.19,5.713,4.9,40.713226,-74.00172
S010,2025-09-12 08:29:47,6.08,138.39,98.86,0.716,11.8,40.709348,-74.00598
S010,2025-09-13 09:29:47,8.53,176.83,99.95,1.532,40.4,40.71916,-74.004086
S010,2025-09-14 03:29:47,3.97,144.45,84.51,5.071,22.3,40.718165,-73.994181
S010,2025-09-15 08:29:47,2.08,176.78,54.31,3.091,3.0,40.712526,-74.004349
S010,2025-09-16 12:29:47,4.31,147.98,82.11,2.639,6.3,40.720875,-74.001015
S010,2025-09-17 17:29:47,6.75,181.09,114.68,3.412,0.0,40.707158,-74.006371
S010,2025-09-18 20:29:47,7.63,156.76,90.76,4.92,19.6,40.704773,-74.008195
S010,2025-09-19 13:29:47,4.94,165.43,114.3,1.018,19.3,40.712489,-74.007927
S010,2025-09-20 10:29:47,14.96,214.66,75.56,0.479,31.7,40.715789,-73.9995
S010,2025-09-21 04:29:47,9.12,123.72,134.36,0.934,48.1,40.717576,-74.014275
S010,2025-09-22 02:29:47,7.12,128.35,104.42,0.157,23.1,40.712383,-74.005072
S010,2025-09-23 17:29:47,8.49,122.11,62.59,0.46,35.5,40.70955,-74.014737
S011,2025-08-25 06:29:47,10.36,130.57,71.91,1.254,29.7,40.713456,-74.005568
S011,2025-08-26 05:29:47,7.35,116.19,138.36,0.263,13.9,40.711912,-74.013128
S011,2025-08-27 08:29:47,7.52,144.8,115.18,2.463,48.3,40.722918,-74.007411
S011,2025-08-28 18:29:47,4.42,144.38,44.04,2.859,10.0,40.702196,-74.006224
S011,2025-08-29 16:29:47,11.76,130.88,111.46,1.226,28.0,40.709227,-74.007309
S011,2025-08-30 12:29:47,8.02,198.85,161.98,1.778,31.1,40.724136,-74.002649
S011,2025-08-31 23:29:47,5.56,161.41,95.23,7.008,26.6,40.707276,-74.004897
S011,2025-09-01 12:29:47,3.43,175.91,77.69,1.692,29.9,40.71481,-74.008944
S011,2025-09-02 10:29:47,4.74,196.89,93.15,0.269,0.0,40.71411,-74.012276
S011,2025-09-03 11:29:47,8.03,209.61,118.67,2.323,25.4,40.722582,-74.010007
S011,2025-09-04 05:29:47,1.4,166.26,141.03,2.201,2.2,40.71521,-74.004156
S011,2025-09-05 21:29:47,8.77,116.22,95.98,8.3,18.3,40.717979,-73.998271
S011,2025-09-06 18:29:47,5.67,136.54,127.26,0.873,28.1,40.717055,-73.998497
S011,2025-09-07 11:29:47,5.47,127.6,95.58,0.625,17.1,40.705057,-74.014511
S011,2025-09-08 13:29:47,9.56,131.9,84.09,2.35,38.2,40.720927,-73.998962
S011,2025-09-10 00:29:47,6.71,183.39,79.81,1.867,31.5,40.712055,-74.011653
S011,2025-09-10 15:29:47,5.61,167.69,106.67,2.038,0.0,40.718721,-74.004501
S011,2025-09-12 01:29:47,12.55,123.61,149.68,3.633,45.3,40.710145,-74.003385
S011,2025-09-12 03:29:47,10.92,154.72,87.84,7.318,23.0,40.713276,-74.009743
S011,2025-09-13 21:29:47,10.75,197.92,98.35,2.247,28.2,40.709535,-74.011295
S011,2025-09-14 15:29:47,10.37,140.57,123.96,0.929,44.8,40.720385,-73.999244
S011,2025-09-15 03:29:47,11.42,180.71,106.23,1.74,36.4,40.718025,-73.997156
S011,2025-09-16 06:29:47,6.19,142.91,86.8,0.032,17.1,40.707641,-74.000433
S011,2025-09-17 19:29:47,6.32,153.76,129.03,3.287,29.7,40.708744,-74.011083
S011,2025-09-18 23:29:47,5.65,161.18,111.76,1.121,26.7,40.71314,-74.013156
S011,2025-09-19 04:29:47,9.39,174.49,89.73,1.247,39.6,40.710263,-74.008808
S011,2025-09-20 23:29:47,7.17,125.48,84.76,2.373,0.0,40.715116,-74.012836
S011,2025-09-21 09:29:47,3.46,87.79,97.96,1.594,23.6,40.715517,-73.99506
S011,2025-09-22 18:29:47,7.59,138.88,64.86,4.768,3.7,40.705938,-74.005845
S011,2025-09-23 23:29:47,9.54,184.87,80.17,1.072,14.6,40.718104,-74.010025
S012,2025-08-25 14:29:47,4.6,120.88,135.31,1.67,3.5,40.724946,-73.999498
S012,2025-08-26 09:29:47,7.31,172.19,52.27,0.058,14.6,40.719392,-74.006912
S012,2025-08-27 03:29:47,3.85,148.82,98.44,3.546,13.1,40.712204,-74.004632
S012,2025-08-28 06:29:47,4.07,139.85,137.4,4.565,38.9,40.71042,-74.006971
S012,2025-08-29 15:29:47,8.04,79.87,65.83,0.726,42.3,40.711817,-74.001254
S012,2025-08-30 02:29:47,6.58,188.38,126.04,5.866,26.3,40.715718,-73.999267
S012,2025-08-31 03:29:47,2.79,159.17,59.68,0.641,0.0,40.71208,-74.004985
S012,2025-09-01 05:29:47,9.2,158.22,103.8,3.724,12.5,40.719074,-74.015835
S012,2025-09-02 02:29:47,3.82,115.51,75.4,0.192,0.0,40.711703,-74.006445
S012,2025-09-03 10:29:47,4.5,159.65,143.87,6.346,12.1,40.712892,-74.004232
S012,2025-09-04 13:29:47,10.89,122.9,82.29,0.679,55.0,40.710515,-74.005727
S012,2025-09-05 06:29:47,4.75,162.83,60.97,0.59,37.2,40.719699,-74.007443
S012,2025-09-06 09:29:47,5.26,196.51,101.74,0.09,9.2,40.717959,-73.999271
S012,2025-09-07 02:29:47,7.54,151.03,37.79,0.352,26.7,40.709509,-74.005197
S012,2025-09-08 20:29:47,0.0,156.88,72.97,2.87,0.7,40.709227,-74.001515
S012,2025-09-09 04:29:47,3.33,134.44,73.05,0.177,15.1,40.709617,-74.013597
S012,2025-09-10 11:29:47,7.47,117.71,105.53,2.334,20.3,40.714166,-74.003784
S012,2025-09-11 18:29:47,5.87,152.32,106.44,0.703,16.8,40.706591,-74.00633
S012,2025-09-12 13:29:47,4.61,155.23,79.09,0.513,16.9,40.713754,-74.004669
S012,2025-09-13 10:29:47,5.52,182.31,81.47,1.645,22.8,40.721104,-74.001929
S012,2025-09-14 06:29:47,2.45,173.41,59.38,1.138,19.1,40.717357,-74.005471
S012,2025-09-15 03:29:47,5.44,152.31,125.46,3.458,5.8,40.714256,-74.006283
S012,2025-09-16 17:29:47,10.28,177.97,94.09,4.518,5.8,40.711449,-74.00303
S012,2025-09-17 16:29:47,7.82,133.21,83.77,5.679,30.9,40.711067,-74.006978
S012,2025-09-18 02:29:47,4.37,148.34,112.12,1.392,3.6,40.711866,-74.014152
S012,2025-09-19 18:29:47,8.35,150.83,98.12,0.443,13.2,40.716306,-74.008486
S012,2025-09-20 20:29:47,4.79,176.28,136.82,9.232,6.7,40.707358,-74.012397
S012,2025-09-21 17:29:47,2.77,113.03,130.21,2.119,0.0,40.721314,-74.009044
S012,2025-09-22 05:29:47,9.74,130.8,95.84,0.039,31.1,40.71329,-73.999521
S012,2025-09-23 18:29:47,5.77,135.39,135.73,0.268,11.8,40.709725,-74.009655
S013,2025-08-25 12:29:47,4.72,154.71,125.48,4.079,16.0,40.71967,-74.013714
S013,2025-08-26 22:29:47,13.33,180.81,127.65,1.554,37.9,40.70998,-74.00538
S013,2025-08-27 19:29:47,3.18,137.94,118.26,0.355,5.0,40.711788,-74.005615
S013,2025-08-28 20:29:47,10.48,126.62,104.31,6.183,3.2,40.715354,-74.006387
S013,2025-08-29 04:29:47,2.21,120.66,99.96,0.242,7.9,40.71434,-74.006152
S013,2025-08-30 04:29:47,7.34,182.62,120.45,3.121,22.8,40.702266,-74.002146
S013,2025-08-31 22:29:47,4.29,89.24,120.22,4.846,29.0,40.707668,-73.99985
S013,2025-09-01 20:29:47,4.54,157.16,108.63,2.62,3.8,40.719233,-73.999002
S013,2025-09-02 07:29:47,6.0,147.77,95.89,5.393,8.7,40.704018,-74.005107
S013,2025-09-03 13:29:47,9.29,162.49,98.65,1.762,4.8,40.707888,-74.010267
S013,2025-09-04 14:29:47,3.42,140.28,133.25,10.474,0.0,40.713389,-74.006857
S013,2025-09-05 05:29:47,4.57,184.26,80.19,2.001,0.0,40.710805,-74.004917
S013,2025-09-06 13:29:47,5.69,126.13,95.4,0.136,13.5,40.712348,-74.001113
S013,2025-09-07 15:29:47,3.29,140.99,115.21,0.178,8.6,40.72663,-74.016762
S013,2025-09-08 12:29:47,1.2,170.48,92.13,2.071,18.7,40.70775,-74.011315
S013,2025-09-09 13:29:47,5.36,193.09,94.05,2.61,9.3,40.71303,-74.000175
S013,2025-09-10 22:29:47,7.56,176.21,87.57,1.906,33.2,40.705106,-74.003464
S013,2025-09-11 19:29:47,5.65,126.07,115.71,1.044,20.0,40.711602,-74.003793
S013,2025-09-12 22:29:47,9.13,156.57,101.93,0.103,11.8,40.713724,-74.00131
S013,2025-09-13 13:29:47,9.35,86.55,94.77,1.252,24.9,40.715467,-74.011354
S013,2025-09-15 00:29:47,11.35,184.81,68.28,2.112,30.3,40.716607,-74.0123
S013,2025-09-15 11:29:47,3.31,174.91,122.51,0.784,9.8,40.715056,-74.001492
S013,2025-09-16 10:29:47,3.09,99.9,86.71,0.277,18.2,40.713887,-74.01022
S013,2025-09-17 23:29:47,9.16,95.22,67.15,1.115,23.4,40.721633,-74.002436
S013,2025-09-18 22:29:47,11.73,157.38,26.17,0.249,27.0,40.710483,-74.011173
S013,2025-09-19 15:29:47,4.53,127.43,63.33,2.232,31.6,40.710293,-74.003417
S013,2025-09-20 22:29:47,5.96,161.59,90.3,1.758,5.2,40.718196,-74.008895
S013,2025-09-21 23:29:47,9.18,158.13,83.27,4.834,17.7,40.708012,-73.997572
S013,2025-09-22 05:29:47,4.43,122.04,69.45,2.174,0.0,40.714616,-74.003402
S013,2025-09-23 18:29:47,7.06,152.1,130.26,3.276,31.7,40.711455,-74.009538
S014,2025-08-25 07:29:47,5.6,157.76,105.32,0.72,7.8,40.709975,-74.003884
S014,2025-08-26 02:29:47,9.89,127.69,110.07,2.052,28.0,40.708244,-74.007336
S014,2025-08-27 15:29:47,8.95,134.96,64.55,0.627,39.4,40.715782,-74.009171
S014,2025-08-28 03:29:47,6.0,145.36,148.16,2.59,17.4,40.707561,-74.010971
S014,2025-08-29 04:29:47,3.43,151.02,102.78,5.453,0.0,40.717822,-74.009503
S014,2025-08-30 13:29:47,4.32,182.45,54.67,4.855,15.3,40.707507,-74.005923
S014,2025-08-31 22:29:47,6.06,203.14,112.28,2.173,7.0,40.713689,-74.005291
S014,2025-09-01 16:29:47,9.66,151.24,130.79,0.98,34.2,40.704598,-74.008065
S014,2025-09-02 03:29:47,2.02,198.06,142.01,0.14,3.2,40.710856,-74.004003
S014,2025-09-03 10:29:47,11.65,136.84,103.61,0.399,25.9,40.716933,-74.01016
S014,2025-09-04 07:29:47,10.63,167.38,37.23,4.538,32.8,40.713945,-74.000628
S014,2025-09-05 17:29:47,5.27,144.81,92.13,0.767,5.4,40.711809,-74.009358
S014,2025-09-06 05:29:47,12.54,116.65,99.1,0.606,30.3,40.721848,-74.013371
S014,2025-09-07 03:29:47,3.62,99.91,101.17,0.803,9.3,40.712264,-74.008726
S014,2025-09-08 03:29:47,2.47,184.28,56.69,1.714,0.0,40.712283,-74.012195
S014,2025-09-09 10:29:47,11.02,198.92,73.99,1.052,29.5,40.711879,-74.012792
S014,2025-09-10 06:29:47,1.65,188.39,44.58,1.031,8.1,40.713586,-74.005969
S014,2025-09-11 14:29:47,12.02,193.33,84.88,2.63,17.3,40.716929,-74.004041
S014,2025-09-12 16:29:47,8.66,123.08,67.2,3.05,0.0,40.713026,-74.005744
S014,2025-09-13 06:29:47,6.44,164.72,67.86,0.105,20.9,40.712613,-74.012307
S014,2025-09-14 03:29:47,6.6,184.61,134.66,1.058,34.7,40.699596,-74.007617
S014,2025-09-15 19:29:47,4.94,153.96,88.64,0.372,0.0,40.711707,-74.014188
S014,2025-09-16 06:29:47,7.79,151.45,89.26,1.47,16.5,40.710225,-74.007612
S014,2025-09-17 11:29:47,7.46,106.54,125.76,6.09,10.5,40.711132,-74.007719
S014,2025-09-18 07:29:47,11.74,192.01,113.86,1.482,36.5,40.716277,-74.011705
S014,2025-09-20 00:29:47,10.03,183.04,111.66,1.069,40.8,40.719531,-74.005741
S014,2025-09-20 14:29:47,8.19,137.23,111.78,1.164,25.5,40.709598,-74.010086
S014,2025-09-21 19:29:47,6.91,117.9,68.38,0.112,32.7,40.720446,-74.001796
S014,2025-09-23 01:29:47,3.71,188.07,110.87,1.268,5.3,40.714793,-74.008446
S014,2025-09-23 19:29:47,9.83,125.06,127.38,3.06,24.8,40.714968,-74.005023
S015,2025-08-25 05:29:47,6.56,96.12,83.47,2.583,0.0,40.715333,-74.003746
S015,2025-08-26 11:29:47,5.26,125.02,96.42,0.838,0.0,40.716735,-74.00632
S015,2025-08-27 08:29:47,11.51,111.28,110.73,4.419,6.1,40.72619,-74.005677
S015,2025-08-29 01:29:47,6.29,128.15,107.99,4.317,16.8,40.721068,-73.998274
S015,2025-08-30 01:29:47,8.09,128.94,94.07,0.452,26.8,40.705656,-74.004891
S015,2025-08-30 09:29:47,2.44,134.44,35.49,0.445,0.0,40.715368,-74.009607
S015,2025-08-31 07:29:47,1.77,185.5,141.85,2.382,8.3,40.718254,-74.008315
S015,2025-09-01 08:29:47,11.99,170.17,113.43,1.606,30.2,40.717422,-74.008172
S015,2025-09-02 10:29:47,7.49,114.71,112.19,0.316,9.9,40.714195,-74.001691
S015,2025-09-03 08:29:47,5.83,181.8,100.84,3.534,11.7,40.722215,-73.994099
S015,2025-09-04 09:29:47,10.21,173.71,132.51,0.339,41.7,40.708518,-74.005512
S015,2025-09-05 22:29:47,3.53,106.12,123.32,0.348,6.6,40.701634,-74.010464
S015,2025-09-06 14:29:47,10.04,144.51,72.44,1.319,45.6,40.71119,-74.007205
S015,2025-09-07 16:29:47,5.17,114.83,111.61,0.261,15.1,40.710047,-74.010456
S015,2025-09-08 11:29:47,3.75,123.04,49.93,7.588,15.6,40.715863,-74.002028
S015,2025-09-09 08:29:47,5.31,134.49,86.87,3.515,11.6,40.717949,-74.00991
S015,2025-09-10 23:29:47,10.14,99.02,112.03,3.051,11.2,40.711599,-74.00142
S015,2025-09-11 08:29:47,8.14,90.93,102.59,3.953,13.3,40.72301,-74.007062
S015,2025-09-12 15:29:47,9.66,173.12,79.49,4.998,33.0,40.71151,-74.007891
S015,2025-09-13 04:29:47,9.13,141.35,97.0,0.254,30.2,40.716502,-74.016885
S015,2025-09-14 19:29:47,3.63,126.09,166.2,3.962,12.9,40.713445,-74.010726
S015,2025-09-15 21:29:47,8.4,80.52,121.45,1.438,36.0,40.708659,-74.001517
S015,2025-09-16 04:29:47,3.34,152.67,127.3,1.262,0.0,40.719007,-74.007745
S015,2025-09-17 02:29:47,7.83,99.77,90.76,1.242,25.2,40.710975,-74.009355
S015,2025-09-18 11:29:47,4.89,108.44,119.83,0.572,21.1,40.712098,-74.004462
S015,2025-09-19 06:29:47,9.55,141.57,80.48,1.894,30.0,40.710681,-74.011397
S015,2025-09-21 01:29:47,9.01,224.56,106.62,1.236,29.0,40.714694,-74.004111
S015,2025-09-21 02:29:47,10.36,180.19,98.46,0.433,42.3,40.712589,-74.003304
S015,2025-09-22 04:29:47,9.36,174.51,89.34,0.282,38.0,40.717947,-74.001638
S015,2025-09-23 02:29:47,4.84,171.55,79.96,0.132,17.7,40.7075,-74.010159
